timestamp,temp_c
2026-06-01 00:00:00,18.59141512392633
2026-06-01 00:05:00,18.18939970042808
2026-06-01 00:10:00,18.729114804787294
2026-06-01 00:15:00,18.789922106820853
2026-06-01 00:20:00,17.927402698174483
2026-06-01 00:25:00,18.12820530238551
2026-06-01 00:30:00,18.56453996751566
2026-06-01 00:35:00,18.439823446127527
2026-06-01 00:40:00,18.53934027021819
2026-06-01 00:45:00,18.29932362071985
2026-06-01 00:50:00,18.831079374659016
2026-06-01 00:55:00,18.813782406095534
2026-06-01 01:00:00,18.61459464354569
2026-06-01 01:05:00,18.94844772612559
2026-06-01 01:10:00,18.767160425805045
2026-06-01 01:15:00,18.386886937397264
2026-06-01 01:20:00,18.774193683259977
2026-06-01 01:25:00,18.395915546544302
2026-06-01 01:30:00,18.96823625911396
2026-06-01 01:35:00,18.711943528905508
2026-06-01 01:40:00,18.694771823344794
2026-06-01 01:45:00,18.570339282847097
2026-06-01 01:50:00,19.166835318656656
2026-06-01 01:55:00,18.78022426611059
2026-06-01 02:00:00,18.725638143889974
2026-06-01 02:05:00,18.777080258171164
2026-06-01 02:10:00,19.072014141133792
2026-06-01 02:15:00,19.05255918855286
2026-06-01 02:20:00,19.098339672756317
2026-06-01 02:25:00,19.136334790233658
2026-06-01 02:30:00,19.683110929533054
2026-06-01 02:35:00,18.95316428735241
2026-06-01 02:40:00,18.956816073481097
2026-06-01 02:45:00,18.90266866282819
2026-06-01 02:50:00,19.36880048474734
2026-06-01 02:55:00,19.56078178266688
2026-06-01 03:00:00,19.22684880973717
2026-06-01 03:05:00,19.048770417455568
2026-06-01 03:10:00,19.09408011625348
2026-06-01 03:15:00,19.578013298597238
2026-06-01 03:20:00,19.648007227144685
2026-06-01 03:25:00,19.630937600031412
2026-06-01 03:30:00,19.31204351529159
2026-06-01 03:35:00,19.62577427601106
2026-06-01 03:40:00,19.636264651864604
2026-06-01 03:45:00,19.712680996469697
2026-06-01 03:50:00,19.9549796125174
2026-06-01 03:55:00,19.8077455192311
2026-06-01 04:00:00,19.992074068921568
2026-06-01 04:05:00,19.8570017985482
2026-06-01 04:10:00,19.97236428651941
2026-06-01 04:15:00,20.124464742204058
2026-06-01 04:20:00,19.547907599691552
2026-06-01 04:25:00,19.939631910445964
2026-06-01 04:30:00,19.945379622799436
2026-06-01 04:35:00,19.946241549817742
2026-06-01 04:40:00,20.107206966317822
2026-06-01 04:45:00,20.690483730112415
2026-06-01 04:50:00,20.034886166531344
2026-06-01 04:55:00,20.638110971299966
2026-06-01 05:00:00,19.896091455758953
2026-06-01 05:05:00,20.354119760188834
2026-06-01 05:10:00,20.557326884686248
2026-06-01 05:15:00,20.738540894367464
2026-06-01 05:20:00,20.83044752977053
2026-06-01 05:25:00,20.909695705085188
2026-06-01 05:30:00,20.621866997775342
2026-06-01 05:35:00,20.642727275070715
2026-06-01 05:40:00,21.093903407508005
2026-06-01 05:45:00,20.83430087946016
2026-06-01 05:50:00,20.564245634585284
2026-06-01 05:55:00,20.662276623212552
2026-06-01 06:00:00,20.781764314199517
2026-06-01 06:05:00,21.262085435802533
2026-06-01 06:10:00,21.21097618923451
2026-06-01 06:15:00,21.430653429295685
2026-06-01 06:20:00,21.150513562968182
2026-06-01 06:25:00,21.381329094452926
2026-06-01 06:30:00,21.57639259874033
2026-06-01 06:35:00,21.350704503558717
2026-06-01 06:40:00,21.63515301543455
2026-06-01 06:45:00,21.353948022720328
2026-06-01 06:50:00,21.497782880875736
2026-06-01 06:55:00,21.546093362615938
2026-06-01 07:00:00,21.35549571907959
2026-06-01 07:05:00,21.913664279313156
2026-06-01 07:10:00,21.679743796699864
2026-06-01 07:15:00,21.876946898876213
2026-06-01 07:20:00,22.069674355985942
2026-06-01 07:25:00,22.11125444851824
2026-06-01 07:30:00,22.22832411360456
2026-06-01 07:35:00,22.05012107929402
2026-06-01 07:40:00,22.003156160738502
2026-06-01 07:45:00,22.156206262275585
2026-06-01 07:50:00,21.723371202900175
2026-06-01 07:55:00,21.844338180571544
2026-06-01 08:00:00,21.929990116293677
2026-06-01 08:05:00,22.07535909712086
2026-06-01 08:10:00,22.54158128888409
2026-06-01 08:15:00,22.19648186594099
2026-06-01 08:20:00,22.400492324665798
2026-06-01 08:25:00,22.948842610244775
2026-06-01 08:30:00,22.496624381203375
2026-06-01 08:35:00,22.868463351000273
2026-06-01 08:40:00,22.410083720213386
2026-06-01 08:45:00,22.67073327038988
2026-06-01 08:50:00,22.488768902565976
2026-06-01 08:55:00,22.712672716685503
2026-06-01 09:00:00,23.10625939420359
2026-06-01 09:05:00,22.374913778191683
2026-06-01 09:10:00,23.06152043508907
2026-06-01 09:15:00,23.039720199397127
2026-06-01 09:20:00,22.826466121088405
2026-06-01 09:25:00,22.606293851415668
2026-06-01 09:30:00,23.09622220304225
2026-06-01 09:35:00,22.949263697949565
2026-06-01 09:40:00,23.210482974128894
2026-06-01 09:45:00,23.178829674413397
2026-06-01 09:50:00,23.68341228192849
2026-06-01 09:55:00,23.160672988440457
2026-06-01 10:00:00,22.954014261674537
2026-06-01 10:05:00,23.342399579755664
2026-06-01 10:10:00,23.381126088137083
2026-06-01 10:15:00,23.74833812640385
2026-06-01 10:20:00,23.615502841366
2026-06-01 10:25:00,23.495340015543473
2026-06-01 10:30:00,23.84948969864409
2026-06-01 10:35:00,23.074990756910143
2026-06-01 10:40:00,23.259706092139844
2026-06-01 10:45:00,23.192552541316108
2026-06-01 10:50:00,23.371349435923836
2026-06-01 10:55:00,23.091918791697932
2026-06-01 11:00:00,23.710959849766994
2026-06-01 11:05:00,23.46808836540352
2026-06-01 11:10:00,23.106698129449033
2026-06-01 11:15:00,23.255289476645814
2026-06-01 11:20:00,23.66487353676558
2026-06-01 11:25:00,23.831941746537716
2026-06-01 11:30:00,24.18803142094206
2026-06-01 11:35:00,24.470499585357995
2026-06-01 11:40:00,23.72680957521216
2026-06-01 11:45:00,23.31058587208695
2026-06-01 11:50:00,22.97160666973525
2026-06-01 11:55:00,23.694118506402923
2026-06-01 12:00:00,23.371317671406903
2026-06-01 12:05:00,23.490797889645865
2026-06-01 12:10:00,23.430791514236702
2026-06-01 12:15:00,23.570010042171596
2026-06-01 12:20:00,23.928680814465658
2026-06-01 12:25:00,23.6514554157894
2026-06-01 12:30:00,23.55102170232292
2026-06-01 12:35:00,23.281007650321655
2026-06-01 12:40:00,23.081214499119213
2026-06-01 12:45:00,23.428470828286077
2026-06-01 12:50:00,23.547805252554337
2026-06-01 12:55:00,24.082734148607116
2026-06-01 13:00:00,23.57869692216454
2026-06-01 13:05:00,23.820546489271738
2026-06-01 13:10:00,23.360903697308824
2026-06-01 13:15:00,23.139042193812653
2026-06-01 13:20:00,23.18769652329506
2026-06-01 13:25:00,23.24125185384627
2026-06-01 13:30:00,24.077839751008767
2026-06-01 13:35:00,23.172262694031303
2026-06-01 13:40:00,23.648516228712527
2026-06-01 13:45:00,23.103303700405615
2026-06-01 13:50:00,23.629798986807828
2026-06-01 13:55:00,23.44090217910053
2026-06-01 14:00:00,23.25247214016367
2026-06-01 14:05:00,23.260250918841734
2026-06-01 14:10:00,23.048042305903394
2026-06-01 14:15:00,23.34929569120099
2026-06-01 14:20:00,23.048985066620247
2026-06-01 14:25:00,22.786829781538533
2026-06-01 14:30:00,22.739202078432204
2026-06-01 14:35:00,23.14148758304884
2026-06-01 14:40:00,23.529638484720575
2026-06-01 14:45:00,23.069197002769474
2026-06-01 14:50:00,22.950001844192343
2026-06-01 14:55:00,23.034857747030152
2026-06-01 15:00:00,23.303567475478413
2026-06-01 15:05:00,22.93939738986483
2026-06-01 15:10:00,22.71129734978903
2026-06-01 15:15:00,23.12665115076814
2026-06-01 15:20:00,22.882795955754833
2026-06-01 15:25:00,23.173535478058948
2026-06-01 15:30:00,22.725673903688374
2026-06-01 15:35:00,22.260533411392807
2026-06-01 15:40:00,22.173893331103915
2026-06-01 15:45:00,23.035403962218382
2026-06-01 15:50:00,23.012348737102048
2026-06-01 15:55:00,22.395877381416522
2026-06-01 16:00:00,22.288643803659205
2026-06-01 16:05:00,22.795305209971126
2026-06-01 16:10:00,21.977457828474538
2026-06-01 16:15:00,21.993303619860754
2026-06-01 16:20:00,22.406343692758465
2026-06-01 16:25:00,22.046085187788965
2026-06-01 16:30:00,22.113572020896704
2026-06-01 16:35:00,22.0162622261519
2026-06-01 16:40:00,22.11632272295385
2026-06-01 16:45:00,22.38664322165202
2026-06-01 16:50:00,21.940539970831207
2026-06-01 16:55:00,22.055154173060536
2026-06-01 17:00:00,21.195195982446997
2026-06-01 17:05:00,21.7435992102364
2026-06-01 17:10:00,21.452929953757398
2026-06-01 17:15:00,21.287681886913234
2026-06-01 17:20:00,21.337074734088702
2026-06-01 17:25:00,21.447271433264547
2026-06-01 17:30:00,21.769086243256933
2026-06-01 17:35:00,21.043049371808042
2026-06-01 17:40:00,21.396678804647472
2026-06-01 17:45:00,21.188656993075288
2026-06-01 17:50:00,21.181946540104754
2026-06-01 17:55:00,21.527364560177784
2026-06-01 18:00:00,21.334234631101175
2026-06-01 18:05:00,21.520282219646425
2026-06-01 18:10:00,21.01899982781169
2026-06-01 18:15:00,20.80290939342343
2026-06-01 18:20:00,20.890952998066705
2026-06-01 18:25:00,20.977381850251454
2026-06-01 18:30:00,20.904256526985986
2026-06-01 18:35:00,20.4727751128552
2026-06-01 18:40:00,20.77222649032104
2026-06-01 18:45:00,20.76074269400135
2026-06-01 18:50:00,21.39494317641492
2026-06-01 18:55:00,21.150438652569065
2026-06-01 19:00:00,20.279379382076055
2026-06-01 19:05:00,20.39741245645777
2026-06-01 19:10:00,19.993202900688217
2026-06-01 19:15:00,20.20398923255305
2026-06-01 19:20:00,20.42523114276293
2026-06-01 19:25:00,20.642060990557216
2026-06-01 19:30:00,20.011766267764195
2026-06-01 19:35:00,19.98488934333282
2026-06-01 19:40:00,19.488067636726655
2026-06-01 19:45:00,20.03507849828902
2026-06-01 19:50:00,19.717304143354546
2026-06-01 19:55:00,19.829896249491707
2026-06-01 20:00:00,19.678941766549723
2026-06-01 20:05:00,19.867588088322925
2026-06-01 20:10:00,19.32303246172595
2026-06-01 20:15:00,19.3653608438337
2026-06-01 20:20:00,20.400033042730875
2026-06-01 20:25:00,19.331499104708836
2026-06-01 20:30:00,19.345860753941807
2026-06-01 20:35:00,20.18386537803625
2026-06-01 20:40:00,20.462951126555772
2026-06-01 20:45:00,19.199365473602228
2026-06-01 20:50:00,19.40054979392444
2026-06-01 20:55:00,19.574484025826482
2026-06-01 21:00:00,19.952442340355308
2026-06-01 21:05:00,19.100432971322142
2026-06-01 21:10:00,19.286423304192056
2026-06-01 21:15:00,19.55760175412108
2026-06-01 21:20:00,19.42011871454254
2026-06-01 21:25:00,19.143041970898768
2026-06-01 21:30:00,19.1828697599171
2026-06-01 21:35:00,18.7786197468203
2026-06-01 21:40:00,19.08866776608512
2026-06-01 21:45:00,19.050209722240954
2026-06-01 21:50:00,19.170772352355662
2026-06-01 21:55:00,18.906522157671926
2026-06-01 22:00:00,19.187598047302444
2026-06-01 22:05:00,19.32399785607718
2026-06-01 22:10:00,19.041901715354985
2026-06-01 22:15:00,19.07694506868804
2026-06-01 22:20:00,18.964577136681736
2026-06-01 22:25:00,18.926946620128806
2026-06-01 22:30:00,18.68983375865893
2026-06-01 22:35:00,18.981728605294993
2026-06-01 22:40:00,18.839182468511183
2026-06-01 22:45:00,19.479025168941416
2026-06-01 22:50:00,19.306914093872006
2026-06-01 22:55:00,18.935629329802126
2026-06-01 23:00:00,18.577068271368898
2026-06-01 23:05:00,18.45952138387182
2026-06-01 23:10:00,19.139002868126827
2026-06-01 23:15:00,18.850061566536063
2026-06-01 23:20:00,18.906023638486964
2026-06-01 23:25:00,18.23052042773834
2026-06-01 23:30:00,19.02521939103293
2026-06-01 23:35:00,18.877585255908514
2026-06-01 23:40:00,18.40358404944629
2026-06-01 23:45:00,18.591895249668507
2026-06-01 23:50:00,18.81029460735231
2026-06-01 23:55:00,18.745934971807102
2026-06-02 00:00:00,18.642748644258933
2026-06-02 00:05:00,18.70074845188044
2026-06-02 00:10:00,18.65878623258329
2026-06-02 00:15:00,18.78392144553423
2026-06-02 00:20:00,19.18456084666858
2026-06-02 00:25:00,17.979261622164813
2026-06-02 00:30:00,18.685532767212568
2026-06-02 00:35:00,18.818049950242333
2026-06-02 00:40:00,18.863578814375607
2026-06-02 00:45:00,18.674062424595537
2026-06-02 00:50:00,18.270643447456592
2026-06-02 00:55:00,18.90924347058108
2026-06-02 01:00:00,19.34339049852658
2026-06-02 01:05:00,18.380516942560337
2026-06-02 01:10:00,19.116456027238886
2026-06-02 01:15:00,18.77651710932537
2026-06-02 01:20:00,18.875571144286578
2026-06-02 01:25:00,18.598110773581816
2026-06-02 01:30:00,18.834764317015022
2026-06-02 01:35:00,19.34733468061107
2026-06-02 01:40:00,19.155427105004687
2026-06-02 01:45:00,19.524711627791262
2026-06-02 01:50:00,19.383696483747755
2026-06-02 01:55:00,19.188709114410102
2026-06-02 02:00:00,19.607716848389238
2026-06-02 02:05:00,19.24481827093912
2026-06-02 02:10:00,19.3911178385069
2026-06-02 02:15:00,19.08435468318322
2026-06-02 02:20:00,19.22488363403528
2026-06-02 02:25:00,19.028261342341207
2026-06-02 02:30:00,19.56789182965037
2026-06-02 02:35:00,18.95199770533333
2026-06-02 02:40:00,19.575593994927853
2026-06-02 02:45:00,19.320005164051008
2026-06-02 02:50:00,19.765780786014886
2026-06-02 02:55:00,19.67775079146999
2026-06-02 03:00:00,20.037626894327673
2026-06-02 03:05:00,19.75044976788592
2026-06-02 03:10:00,19.100212404264877
2026-06-02 03:15:00,19.593149510380368
2026-06-02 03:20:00,19.303828818005204
2026-06-02 03:25:00,19.542907366829972
2026-06-02 03:30:00,20.195464957461212
2026-06-02 03:35:00,19.977786022360352
2026-06-02 03:40:00,19.621979780548763
2026-06-02 03:45:00,19.573359207518873
2026-06-02 03:50:00,19.93378560699582
2026-06-02 03:55:00,19.606098809784356
2026-06-02 04:00:00,19.817457916781024
2026-06-02 04:05:00,20.1607309191669
2026-06-02 04:10:00,20.462622077744424
2026-06-02 04:15:00,20.34810671611983
2026-06-02 04:20:00,19.52806749306882
2026-06-02 04:25:00,20.357243294062233
2026-06-02 04:30:00,20.33850149105705
2026-06-02 04:35:00,20.492471989902555
2026-06-02 04:40:00,20.90501254618119
2026-06-02 04:45:00,19.853429853700675
2026-06-02 04:50:00,20.347704473681983
2026-06-02 04:55:00,20.755299361760528
2026-06-02 05:00:00,20.156874067407514
2026-06-02 05:05:00,21.12776998360062
2026-06-02 05:10:00,20.849407948964938
2026-06-02 05:15:00,21.047049390712697
2026-06-02 05:20:00,20.676196457376136
2026-06-02 05:25:00,21.146220641515068
2026-06-02 05:30:00,21.277425986246584
2026-06-02 05:35:00,21.081696218911237
2026-06-02 05:40:00,21.137230910940463
2026-06-02 05:45:00,21.203195148709156
2026-06-02 05:50:00,20.918347952164844
2026-06-02 05:55:00,21.18840418334149
2026-06-02 06:00:00,21.242243240264294
2026-06-02 06:05:00,21.45835537189245
2026-06-02 06:10:00,21.698595742486425
2026-06-02 06:15:00,21.13634699848183
2026-06-02 06:20:00,21.47158664777327
2026-06-02 06:25:00,22.008603851427605
2026-06-02 06:30:00,21.39603901190636
2026-06-02 06:35:00,21.427233460287695
2026-06-02 06:40:00,21.78921230171668
2026-06-02 06:45:00,22.03624136218592
2026-06-02 06:50:00,21.84052685151345
2026-06-02 06:55:00,22.28970290794653
2026-06-02 07:00:00,22.201685807526257
2026-06-02 07:05:00,22.2505185551445
2026-06-02 07:10:00,22.21719944915791
2026-06-02 07:15:00,22.80189459336173
2026-06-02 07:20:00,22.094301851654357
2026-06-02 07:25:00,21.606638408089296
2026-06-02 07:30:00,22.740384889367867
2026-06-02 07:35:00,22.172756895359793
2026-06-02 07:40:00,22.392909787654656
2026-06-02 07:45:00,22.803386931005658
2026-06-02 07:50:00,21.979293670769906
2026-06-02 07:55:00,22.133377758066626
2026-06-02 08:00:00,22.076816618864346
2026-06-02 08:05:00,22.366692258393677
2026-06-02 08:10:00,22.78394000267216
2026-06-02 08:15:00,22.855781935392834
2026-06-02 08:20:00,22.82722334467618
2026-06-02 08:25:00,22.365644355741246
2026-06-02 08:30:00,22.14087254153201
2026-06-02 08:35:00,22.893914756077262
2026-06-02 08:40:00,22.779036214124847
2026-06-02 08:45:00,23.100580269265155
2026-06-02 08:50:00,23.214761606905533
2026-06-02 08:55:00,23.086255069073278
2026-06-02 09:00:00,23.312606878579125
2026-06-02 09:05:00,23.192273317383908
2026-06-02 09:10:00,23.32061275370575
2026-06-02 09:15:00,22.987397539836476
2026-06-02 09:20:00,29.18122768364801
2026-06-02 09:25:00,23.32954403672929
2026-06-02 09:30:00,23.55114189335331
2026-06-02 09:35:00,23.220389159001332
2026-06-02 09:40:00,23.527430287442115
2026-06-02 09:45:00,23.32292239318175
2026-06-02 09:50:00,23.398015964333773
2026-06-02 09:55:00,23.71173538928959
2026-06-02 10:00:00,22.893545398144852
2026-06-02 10:05:00,23.13007519084634
2026-06-02 10:10:00,23.100871463712707
2026-06-02 10:15:00,22.87089701787723
2026-06-02 10:20:00,23.391890135545072
2026-06-02 10:25:00,23.843508867716942
2026-06-02 10:30:00,23.55543361136344
2026-06-02 10:35:00,23.721356697789552
2026-06-02 10:40:00,24.008796800978008
2026-06-02 10:45:00,24.09923116341807
2026-06-02 10:50:00,23.697950996452725
2026-06-02 10:55:00,24.141400402835643
2026-06-02 11:00:00,23.778452563252902
2026-06-02 11:05:00,23.513935707384913
2026-06-02 11:10:00,23.600019912140212
2026-06-02 11:15:00,23.346202247238573
2026-06-02 11:20:00,23.53477922641043
2026-06-02 11:25:00,23.70349876974707
2026-06-02 11:30:00,24.060487659248107
2026-06-02 11:35:00,24.34297179490559
2026-06-02 11:40:00,23.418232290616256
2026-06-02 11:45:00,23.955695548574486
2026-06-02 11:50:00,23.529457372207386
2026-06-02 11:55:00,23.986614194238733
2026-06-02 12:00:00,23.806274004793682
2026-06-02 12:05:00,23.296533319945514
2026-06-02 12:10:00,24.12330965142519
2026-06-02 12:15:00,23.66114709425389
2026-06-02 12:20:00,23.6791166737173
2026-06-02 12:25:00,23.513815122168893
2026-06-02 12:30:00,23.63272717042826
2026-06-02 12:35:00,23.950470908377874
2026-06-02 12:40:00,23.7572460802496
2026-06-02 12:45:00,23.90336180169282
2026-06-02 12:50:00,23.902916573978487
2026-06-02 12:55:00,24.1789536711916
2026-06-02 13:00:00,23.667178720463358
2026-06-02 13:05:00,23.313067290911103
2026-06-02 13:10:00,24.061259101842165
2026-06-02 13:15:00,23.625478872108587
2026-06-02 13:20:00,24.042009285337983
2026-06-02 13:25:00,23.80423280716174
2026-06-02 13:30:00,23.630357572217214
2026-06-02 13:35:00,23.753711466012508
2026-06-02 13:40:00,24.212673235629513
2026-06-02 13:45:00,24.227676012547846
2026-06-02 13:50:00,23.601541423485386
2026-06-02 13:55:00,23.603874067263895
2026-06-02 14:00:00,23.852735556701013
2026-06-02 14:05:00,23.249181366852163
2026-06-02 14:10:00,23.574799726317693
2026-06-02 14:15:00,23.438115176370207
2026-06-02 14:20:00,23.510052574159744
2026-06-02 14:25:00,23.134900868883886
2026-06-02 14:30:00,22.8761131027354
2026-06-02 14:35:00,22.69821617693482
2026-06-02 14:40:00,22.951095873900563
2026-06-02 14:45:00,23.113996933215645
2026-06-02 14:50:00,23.128035866030686
2026-06-02 14:55:00,23.760679253878248
2026-06-02 15:00:00,23.47396496393856
2026-06-02 15:05:00,22.815355304553186
2026-06-02 15:10:00,23.169288054774437
2026-06-02 15:15:00,22.90304106684507
2026-06-02 15:20:00,22.899259872804322
2026-06-02 15:25:00,22.99880637528476
2026-06-02 15:30:00,23.08685490761442
2026-06-02 15:35:00,22.756496575743746
2026-06-02 15:40:00,23.133896550697926
2026-06-02 15:45:00,22.427944114706285
2026-06-02 15:50:00,22.72755073957574
2026-06-02 15:55:00,23.45943526338005
2026-06-02 16:00:00,22.700923922787588
2026-06-02 16:05:00,23.01723627428032
2026-06-02 16:10:00,22.567427586539548
2026-06-02 16:15:00,22.666354854146444
2026-06-02 16:20:00,22.42671069603394
2026-06-02 16:25:00,22.343744450297585
2026-06-02 16:30:00,22.1116638618951
2026-06-02 16:35:00,22.424785503396524
2026-06-02 16:40:00,21.989989201558444
2026-06-02 16:45:00,22.394474234151936
2026-06-02 16:50:00,22.469350600094458
2026-06-02 16:55:00,22.20233195724865
2026-06-02 17:00:00,21.954772992689595
2026-06-02 17:05:00,22.124804404608042
2026-06-02 17:10:00,21.843697118181336
2026-06-02 17:15:00,22.164389942679865
2026-06-02 17:20:00,21.281498618902788
2026-06-02 17:25:00,21.6772262550392
2026-06-02 17:30:00,21.12747188201293
2026-06-02 17:35:00,21.222848938061748
2026-06-02 17:40:00,22.02704802581332
2026-06-02 17:45:00,21.832863317666867
2026-06-02 17:50:00,21.2948043984279
2026-06-02 17:55:00,21.006186175774136
2026-06-02 18:00:00,20.513841348647503
2026-06-02 18:05:00,21.18641413503381
2026-06-02 18:10:00,22.02187603526088
2026-06-02 18:15:00,21.372557458363737
2026-06-02 18:20:00,21.02063895731601
2026-06-02 18:25:00,21.274556875720183
2026-06-02 18:30:00,20.61339701355154
2026-06-02 18:35:00,20.939294525715923
2026-06-02 18:40:00,21.0053227977374
2026-06-02 18:45:00,20.89684399941336
2026-06-02 18:50:00,21.10734280166177
2026-06-02 18:55:00,20.92117883705538
2026-06-02 19:00:00,20.9662501926761
2026-06-02 19:05:00,20.50751578025329
2026-06-02 19:10:00,20.931980123762486
2026-06-02 19:15:00,21.10028242102929
2026-06-02 19:20:00,20.269904785790406
2026-06-02 19:25:00,20.244396207576376
2026-06-02 19:30:00,20.86162671998335
2026-06-02 19:35:00,20.35413007934464
2026-06-02 19:40:00,20.783800763268214
2026-06-02 19:45:00,20.181517560884846
2026-06-02 19:50:00,20.702942139793628
2026-06-02 19:55:00,20.25857382274317
2026-06-02 20:00:00,20.24986864699681
2026-06-02 20:05:00,20.59568226109967
2026-06-02 20:10:00,19.97221983589969
2026-06-02 20:15:00,19.753537788673512
2026-06-02 20:20:00,19.85708964671388
2026-06-02 20:25:00,20.08382606428399
2026-06-02 20:30:00,19.435568705824043
2026-06-02 20:35:00,20.05443259033519
2026-06-02 20:40:00,19.66019958049833
2026-06-02 20:45:00,20.125579260469898
2026-06-02 20:50:00,19.023146389490705
2026-06-02 20:55:00,19.46644762801308
2026-06-02 21:00:00,19.1582926016634
2026-06-02 21:05:00,19.379021254941428
2026-06-02 21:10:00,19.664706428307372
2026-06-02 21:15:00,19.50103249366763
2026-06-02 21:20:00,19.444075621518145
2026-06-02 21:25:00,19.43853333085378
2026-06-02 21:30:00,19.5144331214579
2026-06-02 21:35:00,19.118927676748363
2026-06-02 21:40:00,19.602574781547236
2026-06-02 21:45:00,19.55932576035928
2026-06-02 21:50:00,19.447032766764618
2026-06-02 21:55:00,19.470480356143014
2026-06-02 22:00:00,19.365461890781503
2026-06-02 22:05:00,19.86110510155055
2026-06-02 22:10:00,19.199544665738692
2026-06-02 22:15:00,19.109693180667907
2026-06-02 22:20:00,18.952972258301163
2026-06-02 22:25:00,18.84764250102803
2026-06-02 22:30:00,18.763359632441464
2026-06-02 22:35:00,18.850541132823725
2026-06-02 22:40:00,19.07756433353961
2026-06-02 22:45:00,19.18176321481155
2026-06-02 22:50:00,19.080650240695082
2026-06-02 22:55:00,18.820614780806263
2026-06-02 23:00:00,19.30644080348332
2026-06-02 23:05:00,19.245468627157134
2026-06-02 23:10:00,18.964165489973563
2026-06-02 23:15:00,18.805761955592512
2026-06-02 23:20:00,19.156908993718417
2026-06-02 23:25:00,19.040688300076432
2026-06-02 23:30:00,18.54294966874096
2026-06-02 23:35:00,18.951265077648884
2026-06-02 23:40:00,19.045723998392948
2026-06-02 23:45:00,18.693844255957163
2026-06-02 23:50:00,19.018532463896587
2026-06-02 23:55:00,18.524148186722893
2026-06-03 00:00:00,19.36165583000365
2026-06-03 00:05:00,19.336579927818057
2026-06-03 00:10:00,18.889024245754467
2026-06-03 00:15:00,19.077588993255212
2026-06-03 00:20:00,18.250536665030673
2026-06-03 00:25:00,18.632754856364603
2026-06-03 00:30:00,18.898854170519833
2026-06-03 00:35:00,18.673856317402542
2026-06-03 00:40:00,19.219499562258676
2026-06-03 00:45:00,19.615225758216322
2026-06-03 00:50:00,18.67507556637138
2026-06-03 00:55:00,18.79000580424129
2026-06-03 01:00:00,19.126219944770313
2026-06-03 01:05:00,19.554410208585065
2026-06-03 01:10:00,18.72099532936746
2026-06-03 01:15:00,19.180185512954317
2026-06-03 01:20:00,19.670758103279162
2026-06-03 01:25:00,18.64885258233922
2026-06-03 01:30:00,18.78118040666803
2026-06-03 01:35:00,19.06063932026313
2026-06-03 01:40:00,19.054854008551754
2026-06-03 01:45:00,19.47919853249437
2026-06-03 01:50:00,19.333370833000696
2026-06-03 01:55:00,18.754894492838588
2026-06-03 02:00:00,19.469559611409146
2026-06-03 02:05:00,19.17025865711094
2026-06-03 02:10:00,19.75545555055016
2026-06-03 02:15:00,19.21544970831256
2026-06-03 02:20:00,19.244335304346848
2026-06-03 02:25:00,19.630227972572655
2026-06-03 02:30:00,19.730294593972992
2026-06-03 02:35:00,19.670318601448656
2026-06-03 02:40:00,19.06560969698711
2026-06-03 02:45:00,19.769010813281035
2026-06-03 02:50:00,19.334514242472366
2026-06-03 02:55:00,19.75347292832709
2026-06-03 03:00:00,19.294712716413912
2026-06-03 03:05:00,19.895514004807247
2026-06-03 03:10:00,19.56024480966864
2026-06-03 03:15:00,19.45884506717167
2026-06-03 03:20:00,20.09997701672837
2026-06-03 03:25:00,20.001284676042875
2026-06-03 03:30:00,19.788303387060324
2026-06-03 03:35:00,20.452279533797366
2026-06-03 03:40:00,19.929863182651463
2026-06-03 03:45:00,20.117506719642275
2026-06-03 03:50:00,20.235025013436516
2026-06-03 03:55:00,20.015567074360114
2026-06-03 04:00:00,20.390540888019974
2026-06-03 04:05:00,20.13749237355211
2026-06-03 04:10:00,20.222936970247552
2026-06-03 04:15:00,20.8046710663935
2026-06-03 04:20:00,20.13367852989452
2026-06-03 04:25:00,19.77249917607431
2026-06-03 04:30:00,21.030572517590848
2026-06-03 04:35:00,21.363503290072842
2026-06-03 04:40:00,20.528968862051027
2026-06-03 04:45:00,20.12174992455604
2026-06-03 04:50:00,20.662290308380534
2026-06-03 04:55:00,20.722560579970317
2026-06-03 05:00:00,20.804775234937022
2026-06-03 05:05:00,20.58136885660801
2026-06-03 05:10:00,21.143169307897683
2026-06-03 05:15:00,21.180826407545503
2026-06-03 05:20:00,20.62955786988688
2026-06-03 05:25:00,21.342250554033676
2026-06-03 05:30:00,21.803090014033636
2026-06-03 05:35:00,21.293820912601202
2026-06-03 05:40:00,21.196113094510302
2026-06-03 05:45:00,21.309891212602384
2026-06-03 05:50:00,21.592328561677224
2026-06-03 05:55:00,20.943861305761434
2026-06-03 06:00:00,21.56771721089319
2026-06-03 06:05:00,21.456598027747557
2026-06-03 06:10:00,22.18339597230015
2026-06-03 06:15:00,21.63205600293387
2026-06-03 06:20:00,22.239855640205
2026-06-03 06:25:00,21.463444977795312
2026-06-03 06:30:00,22.025693230590967
2026-06-03 06:35:00,22.00012854461216
2026-06-03 06:40:00,21.698206269807883
2026-06-03 06:45:00,22.066544639431406
2026-06-03 06:50:00,22.431254685894736
2026-06-03 06:55:00,22.024277219529452
2026-06-03 07:00:00,21.667458818005365
2026-06-03 07:05:00,22.223103687134248
2026-06-03 07:10:00,22.010637570322928
2026-06-03 07:15:00,22.231296381658733
2026-06-03 07:20:00,22.361774027408636
2026-06-03 07:25:00,21.9263994309046
2026-06-03 07:30:00,22.00481107911652
2026-06-03 07:35:00,22.685086775304494
2026-06-03 07:40:00,22.434130045500847
2026-06-03 07:45:00,21.871498423001334
2026-06-03 07:50:00,22.925824744070024
2026-06-03 07:55:00,22.820982848880735
2026-06-03 08:00:00,22.573437552789056
2026-06-03 08:05:00,22.44028408208383
2026-06-03 08:10:00,23.133191389761357
2026-06-03 08:15:00,23.033730769317135
2026-06-03 08:20:00,23.68952177568284
2026-06-03 08:25:00,23.14593070052643
2026-06-03 08:30:00,23.1806145149004
2026-06-03 08:35:00,23.05793030142758
2026-06-03 08:40:00,23.396001784376587
2026-06-03 08:45:00,23.380690098124614
2026-06-03 08:50:00,23.610093021608705
2026-06-03 08:55:00,23.118785763864487
2026-06-03 09:00:00,23.184344711083178
2026-06-03 09:05:00,23.210178953875793
2026-06-03 09:10:00,23.62923385837901
2026-06-03 09:15:00,23.878711850786466
2026-06-03 09:20:00,23.32785895985265
2026-06-03 09:25:00,23.373479089394273
2026-06-03 09:30:00,23.62960651788903
2026-06-03 09:35:00,23.495183060664836
2026-06-03 09:40:00,23.887096206664445
2026-06-03 09:45:00,22.957540843570648
2026-06-03 09:50:00,23.41566710045715
2026-06-03 09:55:00,23.458554776493934
2026-06-03 10:00:00,23.025756705745252
2026-06-03 10:05:00,23.46032535595813
2026-06-03 10:10:00,23.501380248191772
2026-06-03 10:15:00,23.74105045747607
2026-06-03 10:20:00,24.159659235089702
2026-06-03 10:25:00,23.775560502441408
2026-06-03 10:30:00,23.56205471519687
2026-06-03 10:35:00,23.875333310842937
2026-06-03 10:40:00,24.227183638397175
2026-06-03 10:45:00,23.63853767890329
2026-06-03 10:50:00,23.675919911694134
2026-06-03 10:55:00,24.13328932374709
2026-06-03 11:00:00,23.914753731003433
2026-06-03 11:05:00,24.189800581745995
2026-06-03 11:10:00,24.004645980261245
2026-06-03 11:15:00,24.231262295434945
2026-06-03 11:20:00,23.72109594831833
2026-06-03 11:25:00,24.03767838093292
2026-06-03 11:30:00,23.98660514912558
2026-06-03 11:35:00,23.692373568324562
2026-06-03 11:40:00,23.59424336086876
2026-06-03 11:45:00,24.273972018678908
2026-06-03 11:50:00,23.966734839289252
2026-06-03 11:55:00,23.767920983205574
2026-06-03 12:00:00,24.047146318923
2026-06-03 12:05:00,24.414610724904563
2026-06-03 12:10:00,23.390999200343067
2026-06-03 12:15:00,23.62405570112551
2026-06-03 12:20:00,23.792820812660786
2026-06-03 12:25:00,24.5034945055719
2026-06-03 12:30:00,24.144188248310314
2026-06-03 12:35:00,24.28269894830777
2026-06-03 12:40:00,23.70237110679265
2026-06-03 12:45:00,23.69930243842692
2026-06-03 12:50:00,24.159084132816645
2026-06-03 12:55:00,24.030637473813787
2026-06-03 13:00:00,24.16503621138191
2026-06-03 13:05:00,23.930223338686286
2026-06-03 13:10:00,24.054935494806955
2026-06-03 13:15:00,24.0027610492093
2026-06-03 13:20:00,24.171361768690247
2026-06-03 13:25:00,24.161722157790336
2026-06-03 13:30:00,23.414137232960684
2026-06-03 13:35:00,23.205298131196365
2026-06-03 13:40:00,24.158293086887078
2026-06-03 13:45:00,24.191299381810303
2026-06-03 13:50:00,23.50494017709155
2026-06-03 13:55:00,23.228266267305084
2026-06-03 14:00:00,23.78997395576326
2026-06-03 14:05:00,24.012531144587523
2026-06-03 14:10:00,24.24455697126251
2026-06-03 14:15:00,23.831163302386802
2026-06-03 14:20:00,23.53476510174677
2026-06-03 14:25:00,23.34737232419325
2026-06-03 14:30:00,23.586818738229287
2026-06-03 14:35:00,23.46073179656663
2026-06-03 14:40:00,23.2121907360788
2026-06-03 14:45:00,24.096626213956434
2026-06-03 14:50:00,23.981943862646958
2026-06-03 14:55:00,23.750724510216024
2026-06-03 15:00:00,23.09631183362363
2026-06-03 15:05:00,23.590888436744855
2026-06-03 15:10:00,23.487263441888523
2026-06-03 15:15:00,23.388328225011385
2026-06-03 15:20:00,23.589868604329485
2026-06-03 15:25:00,23.364220023318534
2026-06-03 15:30:00,23.35350784341311
2026-06-03 15:35:00,23.279746005920618
2026-06-03 15:40:00,23.147378513278245
2026-06-03 15:45:00,22.46584224363475
2026-06-03 15:50:00,22.98113534409023
2026-06-03 15:55:00,22.743675557746574
2026-06-03 16:00:00,22.480447712707996
2026-06-03 16:05:00,23.322216908088723
2026-06-03 16:10:00,23.289070135353295
2026-06-03 16:15:00,23.130287905636187
2026-06-03 16:20:00,22.75070967940851
2026-06-03 16:25:00,23.030454260932643
2026-06-03 16:30:00,22.579524535093274
2026-06-03 16:35:00,22.586934278778592
2026-06-03 16:40:00,22.14780894717558
2026-06-03 16:45:00,22.54429605460756
2026-06-03 16:50:00,22.392280277288005
2026-06-03 16:55:00,21.93197690002714
2026-06-03 17:00:00,22.255688479211322
2026-06-03 17:05:00,22.19509586165839
2026-06-03 17:10:00,22.70596738483865
2026-06-03 17:15:00,22.382389803594346
2026-06-03 17:20:00,22.06475407589477
2026-06-03 17:25:00,22.082944658415116
2026-06-03 17:30:00,21.968379193981388
2026-06-03 17:35:00,21.84089299169125
2026-06-03 17:40:00,21.52356119765266
2026-06-03 17:45:00,21.749392259793282
2026-06-03 17:50:00,21.517218991417593
2026-06-03 17:55:00,21.312242550909463
2026-06-03 18:00:00,21.786966544364258
2026-06-03 18:05:00,21.697242185393566
2026-06-03 18:10:00,20.990139278176237
2026-06-03 18:15:00,21.435686785676104
2026-06-03 18:20:00,21.717621058900836
2026-06-03 18:25:00,21.683199934538987
2026-06-03 18:30:00,21.61983557231545
2026-06-03 18:35:00,21.27056549659565
2026-06-03 18:40:00,20.952365957441927
2026-06-03 18:45:00,20.827964546752256
2026-06-03 18:50:00,21.20388243657985
2026-06-03 18:55:00,21.161969279494116
2026-06-03 19:00:00,21.38235172072522
2026-06-03 19:05:00,21.274421360025148
2026-06-03 19:10:00,20.853366904279973
2026-06-03 19:15:00,20.46873957308384
2026-06-03 19:20:00,20.695617662582553
2026-06-03 19:25:00,20.806274262733908
2026-06-03 19:30:00,20.630666445470467
2026-06-03 19:35:00,20.468565042929868
2026-06-03 19:40:00,20.668919790139217
2026-06-03 19:45:00,20.39349095202932
2026-06-03 19:50:00,20.308408641794802
2026-06-03 19:55:00,20.54296392799256
2026-06-03 20:00:00,20.282202225961242
2026-06-03 20:05:00,20.429898171292212
2026-06-03 20:10:00,20.39311218598858
2026-06-03 20:15:00,19.924445717123522
2026-06-03 20:20:00,20.077686571962765
2026-06-03 20:25:00,20.60985896106598
2026-06-03 20:30:00,19.787072573657905
2026-06-03 20:35:00,19.458594984848695
2026-06-03 20:40:00,19.493677429810905
2026-06-03 20:45:00,20.020368446222832
2026-06-03 20:50:00,19.981099664370657
2026-06-03 20:55:00,19.897534103916794
2026-06-03 21:00:00,20.258889995712185
2026-06-03 21:05:00,19.055439764919722
2026-06-03 21:10:00,19.93958682030394
2026-06-03 21:15:00,20.253631941843636
2026-06-03 21:20:00,19.412154662735045
2026-06-03 21:25:00,19.602746838730823
2026-06-03 21:30:00,19.457949074103333
2026-06-03 21:35:00,19.383584675508033
2026-06-03 21:40:00,19.523041287770603
2026-06-03 21:45:00,20.019171554348986
2026-06-03 21:50:00,20.113137388114048
2026-06-03 21:55:00,19.43313855580559
2026-06-03 22:00:00,20.078454554758242
2026-06-03 22:05:00,19.49165605382662
2026-06-03 22:10:00,19.98218022506477
2026-06-03 22:15:00,19.404228551272226
2026-06-03 22:20:00,19.448747880222218
2026-06-03 22:25:00,19.497363643994234
2026-06-03 22:30:00,20.320757272532045
2026-06-03 22:35:00,19.602965999246436
2026-06-03 22:40:00,19.11698908904979
2026-06-03 22:45:00,19.602574037344993
2026-06-03 22:50:00,19.18715786200413
2026-06-03 22:55:00,19.133750309164817
2026-06-03 23:00:00,19.539365842244965
2026-06-03 23:05:00,19.263370501798196
2026-06-03 23:10:00,19.32603275655371
2026-06-03 23:15:00,19.236232365551512
2026-06-03 23:20:00,19.323755555451108
2026-06-03 23:25:00,19.342185993061445
2026-06-03 23:30:00,18.62669776675385
2026-06-03 23:35:00,19.40203095502706
2026-06-03 23:40:00,18.902907428821543
2026-06-03 23:45:00,18.76146295123567
2026-06-03 23:50:00,19.17445607288775
2026-06-03 23:55:00,19.216189233294564
2026-06-04 00:00:00,18.983148150628313
2026-06-04 00:05:00,19.44190448960062
2026-06-04 00:10:00,18.792526896134085
2026-06-04 00:15:00,19.07686956727172
2026-06-04 00:20:00,19.028451014290738
2026-06-04 00:25:00,19.196082973342396
2026-06-04 00:30:00,19.30104713195965
2026-06-04 00:35:00,18.923528338943537
2026-06-04 00:40:00,19.45286542070635
2026-06-04 00:45:00,19.265337509492333
2026-06-04 00:50:00,18.690876106206595
2026-06-04 00:55:00,18.684067393347735
2026-06-04 01:00:00,19.282289646398535
2026-06-04 01:05:00,19.23518516869927
2026-06-04 01:10:00,19.287081589057042
2026-06-04 01:15:00,19.32747993930317
2026-06-04 01:20:00,19.42243639988828
2026-06-04 01:25:00,19.659075209747492
2026-06-04 01:30:00,19.062569698446513
2026-06-04 01:35:00,19.066529824331145
2026-06-04 01:40:00,19.113433375042163
2026-06-04 01:45:00,19.552493146318888
2026-06-04 01:50:00,19.864757130648382
2026-06-04 01:55:00,19.388381279259377
2026-06-04 02:00:00,18.79482653729101
2026-06-04 02:05:00,19.062722464534517
2026-06-04 02:10:00,19.35361036862898
2026-06-04 02:15:00,19.466807302995075
2026-06-04 02:20:00,19.5432033011011
2026-06-04 02:25:00,19.70986282622557
2026-06-04 02:30:00,19.638292750025176
2026-06-04 02:35:00,20.08109067543082
2026-06-04 02:40:00,19.59888370049814
2026-06-04 02:45:00,19.579305093459894
2026-06-04 02:50:00,20.018869319530832
2026-06-04 02:55:00,19.452597473872775
2026-06-04 03:00:00,15.069140558629634
2026-06-04 03:05:00,20.022783315662203
2026-06-04 03:10:00,19.988391733985402
2026-06-04 03:15:00,20.550518294394603
2026-06-04 03:20:00,19.929568742195237
2026-06-04 03:25:00,20.77728077069707
2026-06-04 03:30:00,20.135266992709763
2026-06-04 03:35:00,19.86422094559998
2026-06-04 03:40:00,20.31343478342083
2026-06-04 03:45:00,20.015400857355367
2026-06-04 03:50:00,20.159224224788886
2026-06-04 03:55:00,20.550976844603344
2026-06-04 04:00:00,20.64627462659503
2026-06-04 04:05:00,20.34127776762525
2026-06-04 04:10:00,20.87305001042634
2026-06-04 04:15:00,20.973530601858833
2026-06-04 04:20:00,21.107144872617226
2026-06-04 04:25:00,20.88555729749087
2026-06-04 04:30:00,21.18672003271299
2026-06-04 04:35:00,20.26486537589852
2026-06-04 04:40:00,20.78557767709729
2026-06-04 04:45:00,20.673099759845073
2026-06-04 04:50:00,21.02160325957753
2026-06-04 04:55:00,20.867392699163485
2026-06-04 05:00:00,21.042305034658774
2026-06-04 05:05:00,21.710437733245783
2026-06-04 05:10:00,21.148785026228623
2026-06-04 05:15:00,21.378011890116742
2026-06-04 05:20:00,21.23859875685541
2026-06-04 05:25:00,21.385605520912257
2026-06-04 05:30:00,21.41948952358068
2026-06-04 05:35:00,21.607130032662035
2026-06-04 05:40:00,21.87730290379501
2026-06-04 05:45:00,22.077110376205635
2026-06-04 05:50:00,21.73103755615941
2026-06-04 05:55:00,21.870326853224284
2026-06-04 06:00:00,21.403540647244327
2026-06-04 06:05:00,21.777774189861702
2026-06-04 06:10:00,22.14153530787841
2026-06-04 06:15:00,22.174498414600507
2026-06-04 06:20:00,22.033372276707652
2026-06-04 06:25:00,22.2908853750003
2026-06-04 06:30:00,22.227145493248283
2026-06-04 06:35:00,22.494800342952587
2026-06-04 06:40:00,22.276128191254447
2026-06-04 06:45:00,22.137016310369006
2026-06-04 06:50:00,22.398651411925165
2026-06-04 06:55:00,21.472636418059594
2026-06-04 07:00:00,22.52031333367182
2026-06-04 07:05:00,21.364248687513037
2026-06-04 07:10:00,21.99472547653906
2026-06-04 07:15:00,22.69992924354019
2026-06-04 07:20:00,22.75990915949421
2026-06-04 07:25:00,22.319766461667278
2026-06-04 07:30:00,22.50627796834904
2026-06-04 07:35:00,23.182029021231084
2026-06-04 07:40:00,22.67613661487994
2026-06-04 07:45:00,23.544197819268398
2026-06-04 07:50:00,22.920195577134674
2026-06-04 07:55:00,23.092082775362847
2026-06-04 08:00:00,23.50306231954957
2026-06-04 08:05:00,23.105041280259325
2026-06-04 08:10:00,22.812145826659822
2026-06-04 08:15:00,23.12640734704071
2026-06-04 08:20:00,23.19445787002059
2026-06-04 08:25:00,22.84085162524848
2026-06-04 08:30:00,23.217953951119554
2026-06-04 08:35:00,23.11575105226091
2026-06-04 08:40:00,23.658676351372574
2026-06-04 08:45:00,23.433948100005754
2026-06-04 08:50:00,23.380136794294877
2026-06-04 08:55:00,23.4737280602689
2026-06-04 09:00:00,23.61230355848821
2026-06-04 09:05:00,23.769354165056324
2026-06-04 09:10:00,23.322479673424485
2026-06-04 09:15:00,23.347123228911062
2026-06-04 09:20:00,24.027314872418206
2026-06-04 09:25:00,23.607610146070783
2026-06-04 09:30:00,23.340730722949026
2026-06-04 09:35:00,23.932455323483634
2026-06-04 09:40:00,23.970891052532288
2026-06-04 09:45:00,23.404259453579346
2026-06-04 09:50:00,23.962923129171294
2026-06-04 09:55:00,24.144354604410882
2026-06-04 10:00:00,24.064579444972974
2026-06-04 10:05:00,24.16941133439719
2026-06-04 10:10:00,23.585046353518326
2026-06-04 10:15:00,24.13109390033058
2026-06-04 10:20:00,23.96538353975049
2026-06-04 10:25:00,23.934641650181224
2026-06-04 10:30:00,24.36286551410414
2026-06-04 10:35:00,24.566602026409264
2026-06-04 10:40:00,24.681142568344878
2026-06-04 10:45:00,24.556167685189536
2026-06-04 10:50:00,24.146572122381514
2026-06-04 10:55:00,24.301940684872722
2026-06-04 11:00:00,24.441661427257948
2026-06-04 11:05:00,24.262308559322992
2026-06-04 11:10:00,24.278369274173297
2026-06-04 11:15:00,24.49828914057093
2026-06-04 13:20:00,23.536045549431535
2026-06-04 13:25:00,24.04068819752766
2026-06-04 13:30:00,23.476435811931374
2026-06-04 13:35:00,24.12069667583795
2026-06-04 13:40:00,24.08677957592432
2026-06-04 13:45:00,24.37904153626863
2026-06-04 13:50:00,24.397817400761895
2026-06-04 13:55:00,24.077449403744478
2026-06-04 14:00:00,23.84055518624203
2026-06-04 14:05:00,24.10922801044609
2026-06-04 14:10:00,23.777303323334916
2026-06-04 14:15:00,23.906256235323358
2026-06-04 14:20:00,24.17252100581072
2026-06-04 14:25:00,23.67838010687188
2026-06-04 14:30:00,24.05548694250084
2026-06-04 14:35:00,23.984131618339898
2026-06-04 14:40:00,23.460673562658197
2026-06-04 14:45:00,24.004567757162658
2026-06-04 14:50:00,23.886363245636765
2026-06-04 14:55:00,23.670887671361196
2026-06-04 15:00:00,23.374269915558077
2026-06-04 15:05:00,23.307020833882998
2026-06-04 15:10:00,23.364476745968247
2026-06-04 15:15:00,23.64874287673776
2026-06-04 15:20:00,23.15868147399592
2026-06-04 15:25:00,23.53526235504611
2026-06-04 15:30:00,22.989376913858294
2026-06-04 15:35:00,23.25785354557731
2026-06-04 15:40:00,23.30843541724981
2026-06-04 15:45:00,23.964864626066685
2026-06-04 15:50:00,22.77325432421095
2026-06-04 15:55:00,23.582537515348353
2026-06-04 16:00:00,23.139752724196182
2026-06-04 16:05:00,23.17142349770327
2026-06-04 16:10:00,23.03627590710405
2026-06-04 16:15:00,23.08633977100607
2026-06-04 16:20:00,22.85844012304315
2026-06-04 16:25:00,23.29188177908408
2026-06-04 16:30:00,22.669367237645314
2026-06-04 16:35:00,23.09616546736303
2026-06-04 16:40:00,22.512940222250272
2026-06-04 16:45:00,22.63752310933752
2026-06-04 16:50:00,22.282975733073627
2026-06-04 16:55:00,22.68967965118174
2026-06-04 17:00:00,22.93498539983426
2026-06-04 17:05:00,22.426207876869185
2026-06-04 17:10:00,22.338033325234086
2026-06-04 17:15:00,22.010140716119952
2026-06-04 17:20:00,22.222932648101636
2026-06-04 17:25:00,21.760870187558346
2026-06-04 17:30:00,21.911652084534484
2026-06-04 17:35:00,22.20020300096265
2026-06-04 17:40:00,22.47439331619157
2026-06-04 17:45:00,22.867871081444207
2026-06-04 17:50:00,21.79547294289208
2026-06-04 17:55:00,22.348327259580035
2026-06-04 18:00:00,21.937125744120507
2026-06-04 18:05:00,21.764888493389687
2026-06-04 18:10:00,21.8863298671045
2026-06-04 18:15:00,21.721467122028635
2026-06-04 18:20:00,21.68242936081452
2026-06-04 18:25:00,21.473332864022094
2026-06-04 18:30:00,21.123051621510218
2026-06-04 18:35:00,21.026203973768595
2026-06-04 18:40:00,21.632253020817046
2026-06-04 18:45:00,21.30046416793396
2026-06-04 18:50:00,21.152074295257897
2026-06-04 18:55:00,21.281136957201515
2026-06-04 19:00:00,21.465032063118393
2026-06-04 19:05:00,21.22893664783044
2026-06-04 19:10:00,20.926619020247035
2026-06-04 19:15:00,21.440289223436785
2026-06-04 19:20:00,21.49550529258031
2026-06-04 19:25:00,21.119871900887606
2026-06-04 19:30:00,21.213790472490498
2026-06-04 19:35:00,21.244921274397306
2026-06-04 19:40:00,21.162484140569603
2026-06-04 19:45:00,20.959308027586292
2026-06-04 19:50:00,20.90673258103488
2026-06-04 19:55:00,20.835826249705477
2026-06-04 20:00:00,20.30399869763589
2026-06-04 20:05:00,20.79728380165657
2026-06-04 20:10:00,20.134806787794975
2026-06-04 20:15:00,20.25829458091348
2026-06-04 20:20:00,20.84352842946482
2026-06-04 20:25:00,20.660991927899303
2026-06-04 20:30:00,20.81231591438395
2026-06-04 20:35:00,20.242489004433665
2026-06-04 20:40:00,19.93695632340062
2026-06-04 20:45:00,20.169904303128728
2026-06-04 20:50:00,20.23283387013302
2026-06-04 20:55:00,20.186913975446334
2026-06-04 21:00:00,20.46513719066064
2026-06-04 21:05:00,19.979308967349585
2026-06-04 21:10:00,20.15681699951557
2026-06-04 21:15:00,19.719012336472172
2026-06-04 21:20:00,20.1159840756157
2026-06-04 21:25:00,19.948021357323483
2026-06-04 21:30:00,19.689272647786563
2026-06-04 21:35:00,19.811539680678834
2026-06-04 21:40:00,19.79606716532296
2026-06-04 21:45:00,19.74027943044251
2026-06-04 21:50:00,20.323723758148088
2026-06-04 21:55:00,19.73478652262527
2026-06-04 22:00:00,19.66416765748571
2026-06-04 22:05:00,19.082147823448192
2026-06-04 22:10:00,19.418210711460603
2026-06-04 22:15:00,19.58369611883138
2026-06-04 22:20:00,19.434074729555384
2026-06-04 22:25:00,20.03263358021472
2026-06-04 22:30:00,19.54801983610292
2026-06-04 22:35:00,19.964513601588486
2026-06-04 22:40:00,19.57807983825034
2026-06-04 22:45:00,19.553443027188706
2026-06-04 22:50:00,19.499468688815682
2026-06-04 22:55:00,19.512214239521615
2026-06-04 23:00:00,20.012823935192284
2026-06-04 23:05:00,18.788561607441483
2026-06-04 23:10:00,18.872396258868562
2026-06-04 23:15:00,19.29948554967509
2026-06-04 23:20:00,19.45753898205075
2026-06-04 23:25:00,19.652127551259802
2026-06-04 23:30:00,19.580114005973716
2026-06-04 23:35:00,19.317185380580028
2026-06-04 23:40:00,19.733626362743163
2026-06-04 23:45:00,19.733611312849312
2026-06-04 23:50:00,19.477596795426827
2026-06-04 23:55:00,19.71019220404628
2026-06-05 00:00:00,19.50339357902964
2026-06-05 00:05:00,19.254550024265363
2026-06-05 00:10:00,19.63492449774536
2026-06-05 00:15:00,19.462536628677093
2026-06-05 00:20:00,19.434715208796984
2026-06-05 00:25:00,19.88234522610107
2026-06-05 00:30:00,18.71252620800345
2026-06-05 00:35:00,19.030990972782725
2026-06-05 00:40:00,19.10985948955717
2026-06-05 00:45:00,19.36785860472128
2026-06-05 00:50:00,19.41247753127036
2026-06-05 00:55:00,19.04984713113493
2026-06-05 01:00:00,19.22083802458408
2026-06-05 01:05:00,19.273622860478106
2026-06-05 01:10:00,20.2857348507522
2026-06-05 01:15:00,20.10679726058638
2026-06-05 01:20:00,19.46164362272983
2026-06-05 01:25:00,19.496105339700964
2026-06-05 01:30:00,19.281539969565294
2026-06-05 01:35:00,19.076082178233804
2026-06-05 01:40:00,19.63676647648581
2026-06-05 01:45:00,19.39686255119507
2026-06-05 01:50:00,19.696217757555846
2026-06-05 01:55:00,19.268121356018188
2026-06-05 02:00:00,19.547144153045828
2026-06-05 02:05:00,19.84890845190848
2026-06-05 02:10:00,19.943784264802964
2026-06-05 02:15:00,19.989767556866234
2026-06-05 02:20:00,19.499973194030407
2026-06-05 02:25:00,20.185094208371964
2026-06-05 02:30:00,19.722153140291354
2026-06-05 02:35:00,20.18654616664999
2026-06-05 02:40:00,20.028897289217092
2026-06-05 02:45:00,19.655484231579173
2026-06-05 02:50:00,20.010747346600326
2026-06-05 02:55:00,20.25329921746974
2026-06-05 03:00:00,20.366522661176013
2026-06-05 03:05:00,20.180120991310996
2026-06-05 03:10:00,20.722558148141168
2026-06-05 03:15:00,20.606688693545788
2026-06-05 03:20:00,20.26963474086373
2026-06-05 03:25:00,20.614627863180925
2026-06-05 03:30:00,21.013434473034653
2026-06-05 03:35:00,21.065871259325956
2026-06-05 03:40:00,20.154458944875632
2026-06-05 03:45:00,20.29071448410385
2026-06-05 03:50:00,21.06062661515309
2026-06-05 03:55:00,20.344782539347403
2026-06-05 04:00:00,20.31323766001249
2026-06-05 04:05:00,20.612469838491812
2026-06-05 04:10:00,20.933296479754794
2026-06-05 04:15:00,20.825959262469162
2026-06-05 04:20:00,20.71148525952658
2026-06-05 04:25:00,20.7548695368358
2026-06-05 04:30:00,20.794390299763464
2026-06-05 04:35:00,20.795652015693054
2026-06-05 04:40:00,21.795839504868646
2026-06-05 04:45:00,21.25285465809777
2026-06-05 04:50:00,21.482263217560735
2026-06-05 04:55:00,21.12250422448685
2026-06-05 05:00:00,21.26676538408788
2026-06-05 05:05:00,21.162119074773464
2026-06-05 05:10:00,20.634588464678973
2026-06-05 05:15:00,21.070871411905323
2026-06-05 05:20:00,20.995493951838544
2026-06-05 05:25:00,20.918356401139725
2026-06-05 05:30:00,21.289476827160442
2026-06-05 05:35:00,22.100519516684574
2026-06-05 05:40:00,21.74477979281955
2026-06-05 05:45:00,22.200461305620987
2026-06-05 05:50:00,21.99184630465692
2026-06-05 05:55:00,22.158630435128135
2026-06-05 06:00:00,21.70893090140862
2026-06-05 06:05:00,22.191722498844207
2026-06-05 06:10:00,22.308462738635637
2026-06-05 06:15:00,21.972113635405254
2026-06-05 06:20:00,22.368151468053988
2026-06-05 06:25:00,22.425223514702363
2026-06-05 06:30:00,22.145449694211095
2026-06-05 06:35:00,22.028277935793493
2026-06-05 06:40:00,22.06448194459785
2026-06-05 06:45:00,22.500077467616755
2026-06-05 06:50:00,22.626401995482038
2026-06-05 06:55:00,22.344456981678054
2026-06-05 07:00:00,22.643823215154136
2026-06-05 07:05:00,22.860333645919017
2026-06-05 07:10:00,22.927621713160274
2026-06-05 07:15:00,23.260362699294657
2026-06-05 07:20:00,23.230144607973585
2026-06-05 07:25:00,22.598507665882277
2026-06-05 07:30:00,23.455384443774125
2026-06-05 07:35:00,22.841973773280127
2026-06-05 07:40:00,23.36520749808807
2026-06-05 07:45:00,23.12211771336283
2026-06-05 07:50:00,23.0275267195505
2026-06-05 07:55:00,22.657762864365985
2026-06-05 08:00:00,23.196930646935083
2026-06-05 08:05:00,22.828318174809617
2026-06-05 08:10:00,23.633438791619895
2026-06-05 08:15:00,23.844763379690775
2026-06-05 08:20:00,23.196467794088605
2026-06-05 08:25:00,23.571265343664745
2026-06-05 08:30:00,23.307486115919406
2026-06-05 08:35:00,23.380263261419103
2026-06-05 08:40:00,23.844117435375956
2026-06-05 08:45:00,23.642403059197154
2026-06-05 08:50:00,24.21726993161845
2026-06-05 08:55:00,23.591312895844798
2026-06-05 09:00:00,24.075567852708723
2026-06-05 09:05:00,23.843933929036723
2026-06-05 09:10:00,24.09152674494857
2026-06-05 09:15:00,23.755852221498458
2026-06-05 09:20:00,23.91144345653197
2026-06-05 09:25:00,23.92706154394252
2026-06-05 09:30:00,23.745366216274352
2026-06-05 09:35:00,24.228335971043226
2026-06-05 09:40:00,24.257354812395985
2026-06-05 09:45:00,24.271940439228025
2026-06-05 09:50:00,24.585568310707508
2026-06-05 09:55:00,24.58888311705326
2026-06-05 10:00:00,24.070180102506356
2026-06-05 10:05:00,24.322132584799025
2026-06-05 10:10:00,24.04964687616809
2026-06-05 10:15:00,24.269188448666085
2026-06-05 10:20:00,24.106644632855964
2026-06-05 10:25:00,24.795899790539433
2026-06-05 10:30:00,24.4412082763811
2026-06-05 10:35:00,24.287810934775667
2026-06-05 10:40:00,24.731317123521684
2026-06-05 10:45:00,23.74094070079914
2026-06-05 10:50:00,23.805661598410982
2026-06-05 10:55:00,24.66527623253075
2026-06-05 11:00:00,24.460155100157884
2026-06-05 11:05:00,24.531489064611378
2026-06-05 11:10:00,24.07162118680427
2026-06-05 11:15:00,24.474593087752964
2026-06-05 11:20:00,25.093472205650922
2026-06-05 11:25:00,24.74936366210816
2026-06-05 11:30:00,24.56152411697737
2026-06-05 11:35:00,24.386224672524317
2026-06-05 11:40:00,24.405714889668545
2026-06-05 11:45:00,23.890287941336503
2026-06-05 11:50:00,24.61011268023099
2026-06-05 11:55:00,24.78905000024433
2026-06-05 12:00:00,24.064114201848817
2026-06-05 12:05:00,24.338580000007727
2026-06-05 12:10:00,24.188781164284617
2026-06-05 12:15:00,24.244241949653883
2026-06-05 12:20:00,24.546531233275935
2026-06-05 12:25:00,23.900620199059254
2026-06-05 12:30:00,24.704493284941645
2026-06-05 12:35:00,24.739460297149506
2026-06-05 12:40:00,24.429888606119444
2026-06-05 12:45:00,23.751750648012717
2026-06-05 12:50:00,24.186614429999114
2026-06-05 12:55:00,24.843825754763962
2026-06-05 13:00:00,23.627816281504096
2026-06-05 13:05:00,24.343067612306765
2026-06-05 13:10:00,24.078292143330387
2026-06-05 13:15:00,24.657496414213217
2026-06-05 13:20:00,24.19629736632174
2026-06-05 13:25:00,24.501605879427682
2026-06-05 13:30:00,24.530536957028946
2026-06-05 13:35:00,24.89114644971763
2026-06-05 13:40:00,24.257686884489015
2026-06-05 13:45:00,24.408595164718502
2026-06-05 13:50:00,23.82641043920733
2026-06-05 13:55:00,24.60414095825689
2026-06-05 14:00:00,23.99291085503969
2026-06-05 14:05:00,24.025853427456045
2026-06-05 14:10:00,24.159404276077446
2026-06-05 14:15:00,23.668208727154408
2026-06-05 14:20:00,24.17571111940116
2026-06-05 14:25:00,24.36635139254621
2026-06-05 14:30:00,24.132063497777285
2026-06-05 14:35:00,23.534641938478593
2026-06-05 14:40:00,23.940368319498546
2026-06-05 14:45:00,24.165408189591297
2026-06-05 14:50:00,23.34379671223554
2026-06-05 14:55:00,23.54828010100408
2026-06-05 15:00:00,24.096330034190828
2026-06-05 15:05:00,23.87621126971486
2026-06-05 15:10:00,23.87976699367718
2026-06-05 15:15:00,24.274212980037166
2026-06-05 15:20:00,23.8163348577682
2026-06-05 15:25:00,23.831775083590106
2026-06-05 15:30:00,24.405527230687294
2026-06-05 15:35:00,23.485332753481813
2026-06-05 15:40:00,23.26657626179208
2026-06-05 15:45:00,23.59006450202315
2026-06-05 15:50:00,23.54854632968374
2026-06-05 15:55:00,23.21331852781745
2026-06-05 16:00:00,23.015480894133546
2026-06-05 16:05:00,23.971425248925502
2026-06-05 16:10:00,23.329224574203995
2026-06-05 16:15:00,22.963636111126878
2026-06-05 16:20:00,23.409724745035632
2026-06-05 16:25:00,23.05332317917844
2026-06-05 16:30:00,22.960844147017365
2026-06-05 16:35:00,23.155576957283603
2026-06-05 16:40:00,22.549085677844662
2026-06-05 16:45:00,22.99178682443306
2026-06-05 16:50:00,23.408850941080225
2026-06-05 16:55:00,22.92342583373668
2026-06-05 17:00:00,22.61898398162128
2026-06-05 17:05:00,22.527683146686968
2026-06-05 17:10:00,22.504397042841724
2026-06-05 17:15:00,22.498737001625997
2026-06-05 17:20:00,22.408778484339848
2026-06-05 17:25:00,22.744001897797155
2026-06-05 17:30:00,21.895952749587437
2026-06-05 17:35:00,22.62116720225355
2026-06-05 17:40:00,22.195183399326382
2026-06-05 17:45:00,22.368592158783965
2026-06-05 17:50:00,21.86375209535307
2026-06-05 17:55:00,22.546726532641234
2026-06-05 18:00:00,22.468090488051573
2026-06-05 18:05:00,22.32853994513862
2026-06-05 18:10:00,21.532525098848613
2026-06-05 18:15:00,22.18202849824446
2026-06-05 18:20:00,22.001167169421567
2026-06-05 18:25:00,21.344651438730327
2026-06-05 18:30:00,21.765595304318627
2026-06-05 18:35:00,21.829051881235202
2026-06-05 18:40:00,21.83350213797962
2026-06-05 18:45:00,21.667052605044333
2026-06-05 18:50:00,21.64867039020896
2026-06-05 18:55:00,21.951068686860495
2026-06-05 19:00:00,21.824762560216893
2026-06-05 19:05:00,20.545110978787697
2026-06-05 19:10:00,21.258603934788024
2026-06-05 19:15:00,21.253406028478913
2026-06-05 19:20:00,20.72652006986775
2026-06-05 19:25:00,21.230159821760445
2026-06-05 19:30:00,21.52671875081044
2026-06-05 19:35:00,20.776762917475985
2026-06-05 19:40:00,21.15477462725521
2026-06-05 19:45:00,20.730731231263576
2026-06-05 19:50:00,20.756054859808515
2026-06-05 19:55:00,21.353546167952537
2026-06-05 20:00:00,20.700832653966458
2026-06-05 20:05:00,20.95613060130188
2026-06-05 20:10:00,20.210585544314636
2026-06-05 20:15:00,21.285769685869457
2026-06-05 20:20:00,20.863654643014343
2026-06-05 20:25:00,20.58457592629598
2026-06-05 20:30:00,20.769160380478176
2026-06-05 20:35:00,20.13144549085551
2026-06-05 20:40:00,20.86779019830946
2026-06-05 20:45:00,20.375240029600903
2026-06-05 20:50:00,20.37140362644632
2026-06-05 20:55:00,20.246120676054687
2026-06-05 21:00:00,20.181237626209956
2026-06-05 21:05:00,20.526491278339126
2026-06-05 21:10:00,20.35837871300596
2026-06-05 21:15:00,20.441524923723463
2026-06-05 21:20:00,20.208650485356884
2026-06-05 21:25:00,20.331448735590946
2026-06-05 21:30:00,20.018962026094407
2026-06-05 21:35:00,20.78160804175417
2026-06-05 21:40:00,19.611340764348377
2026-06-05 21:45:00,20.430007166312535
2026-06-05 21:50:00,20.433093620684083
2026-06-05 21:55:00,19.739072681527958
2026-06-05 22:00:00,20.636518573705693
2026-06-05 22:05:00,20.24043019561483
2026-06-05 22:10:00,20.20821461910132
2026-06-05 22:15:00,19.90142480227604
2026-06-05 22:20:00,19.805062684942772
2026-06-05 22:25:00,19.785698654089497
2026-06-05 22:30:00,19.945060347617638
2026-06-05 22:35:00,20.22873620930317
2026-06-05 22:40:00,19.844362713393654
2026-06-05 22:45:00,19.499241589321056
2026-06-05 22:50:00,20.003835741844927
2026-06-05 22:55:00,20.017820587953615
2026-06-05 23:00:00,19.923983292811666
2026-06-05 23:05:00,19.938494497424344
2026-06-05 23:10:00,19.621981543152824
2026-06-05 23:15:00,19.41414004885275
2026-06-05 23:20:00,19.42312258827725
2026-06-05 23:25:00,19.18485724929324
2026-06-05 23:30:00,19.739672430029263
2026-06-05 23:35:00,19.637824519476222
2026-06-05 23:40:00,19.526316943411725
2026-06-05 23:45:00,18.768267044599966
2026-06-05 23:50:00,19.278584205137108
2026-06-05 23:55:00,19.988047127721178
2026-06-06 00:00:00,19.45261219998106
2026-06-06 00:05:00,19.76157243559728
2026-06-06 00:10:00,19.23877381705278
2026-06-06 00:15:00,20.091364336611257
2026-06-06 00:20:00,19.621504956754233
2026-06-06 00:25:00,19.75787127338926
2026-06-06 00:30:00,20.37592178412998
2026-06-06 00:35:00,20.141628254007415
2026-06-06 00:40:00,19.60441093108336
2026-06-06 00:45:00,19.529270743530816
2026-06-06 00:50:00,19.62159647874431
2026-06-06 00:55:00,19.88541430000981
2026-06-06 01:00:00,19.715218194002066
2026-06-06 01:05:00,19.643702120534133
2026-06-06 01:10:00,20.219061998342145
2026-06-06 01:15:00,19.76241170872888
2026-06-06 01:20:00,20.50544517594642
2026-06-06 01:25:00,19.862803095918654
2026-06-06 01:30:00,20.392296686989194
2026-06-06 01:35:00,19.986117129014573
2026-06-06 01:40:00,20.191118704383207
2026-06-06 01:45:00,19.70923483071296
2026-06-06 01:50:00,19.695945150278224
2026-06-06 01:55:00,20.116494897235732
2026-06-06 02:00:00,20.302702463278496
2026-06-06 02:05:00,20.04679727391778
2026-06-06 02:10:00,19.678403384942673
2026-06-06 02:15:00,19.68684845935683
2026-06-06 02:20:00,19.698378968621647
2026-06-06 02:25:00,19.62880185544947
2026-06-06 02:30:00,20.22546225710603
2026-06-06 02:35:00,20.564601968780202
2026-06-06 02:40:00,20.258464156125104
2026-06-06 02:45:00,19.6206760541012
2026-06-06 02:50:00,20.278778519874333
2026-06-06 02:55:00,20.325250395860827
2026-06-06 03:00:00,21.04183267210127
2026-06-06 03:05:00,20.015675986668455
2026-06-06 03:10:00,20.37622120018108
2026-06-06 03:15:00,21.046591266413188
2026-06-06 03:20:00,20.712024478187605
2026-06-06 03:25:00,20.78898524159477
2026-06-06 03:30:00,20.69807175858536
2026-06-06 03:35:00,20.80710894068821
2026-06-06 03:40:00,20.986541768205942
2026-06-06 03:45:00,20.556228521783165
2026-06-06 03:50:00,21.108968552805393
2026-06-06 03:55:00,20.480765949533033
2026-06-06 04:00:00,21.038910391849456
2026-06-06 04:05:00,21.042350366687426
2026-06-06 04:10:00,20.852740540454786
2026-06-06 04:15:00,21.080272691854802
2026-06-06 04:20:00,20.950292299848574
2026-06-06 04:25:00,20.866022877294625
2026-06-06 04:30:00,21.132406996603166
2026-06-06 04:35:00,20.958708313679242
2026-06-06 04:40:00,21.4385888809138
2026-06-06 04:45:00,21.048975688496377
2026-06-06 04:50:00,21.66022860813663
2026-06-06 04:55:00,21.14518374454386
2026-06-06 05:00:00,28.88306391256939
2026-06-06 05:05:00,21.419204246720017
2026-06-06 05:10:00,22.058044983817183
2026-06-06 05:15:00,21.813761178644654
2026-06-06 05:20:00,21.70555941506936
2026-06-06 05:25:00,21.973307366846125
2026-06-06 05:30:00,21.24632681525095
2026-06-06 05:35:00,21.920492735977813
2026-06-06 05:40:00,22.587764896472265
2026-06-06 05:45:00,22.083396128845436
2026-06-06 05:50:00,22.11932548233744
2026-06-06 05:55:00,22.318701301306245
2026-06-06 06:00:00,22.478281572994298
2026-06-06 06:05:00,21.665697204719432
2026-06-06 06:10:00,21.815550523876027
2026-06-06 06:15:00,22.438595210401203
2026-06-06 06:20:00,22.216226388299884
2026-06-06 06:25:00,22.879374765795887
2026-06-06 06:30:00,22.44616316358457
2026-06-06 06:35:00,22.015149244760856
2026-06-06 06:40:00,22.269716269114113
2026-06-06 06:45:00,21.879622999151124
2026-06-06 06:50:00,22.68846137366037
2026-06-06 06:55:00,22.75609949263611
2026-06-06 07:00:00,22.73890879982172
2026-06-06 07:05:00,23.24323624678639
2026-06-06 07:10:00,23.332120449715692
2026-06-06 07:15:00,22.97408213625106
2026-06-06 07:20:00,22.43704225807111
2026-06-06 07:25:00,23.314479569856935
2026-06-06 07:30:00,23.34731664946529
2026-06-06 07:35:00,23.324484195693927
2026-06-06 07:40:00,23.576589579144176
2026-06-06 07:45:00,22.982673296609192
2026-06-06 07:50:00,23.984198148943115
2026-06-06 07:55:00,23.142643596355892
2026-06-06 08:00:00,23.703566878160245
2026-06-06 08:05:00,23.020328837077294
2026-06-06 08:10:00,23.29456961468603
2026-06-06 08:15:00,24.075036176566602
2026-06-06 08:20:00,23.587671143977357
2026-06-06 08:25:00,23.96305090244879
2026-06-06 08:30:00,23.826590189137573
2026-06-06 08:35:00,23.767721233660087
2026-06-06 08:40:00,24.25132412169615
2026-06-06 08:45:00,23.813366890354608
2026-06-06 08:50:00,23.391554086770103
2026-06-06 08:55:00,23.725410611870164
2026-06-06 09:00:00,24.17152447157687
2026-06-06 09:05:00,24.163762637058127
2026-06-06 09:10:00,23.61307586695467
2026-06-06 09:15:00,23.90309676287498
2026-06-06 09:20:00,23.98219470303676
2026-06-06 09:25:00,24.082470329497934
2026-06-06 09:30:00,23.813809274147612
2026-06-06 09:35:00,24.071600178232856
2026-06-06 09:40:00,24.07409696514462
2026-06-06 09:45:00,24.555734008684933
2026-06-06 09:50:00,24.597615007829287
2026-06-06 09:55:00,24.340736539255722
2026-06-06 10:00:00,24.295451570699875
2026-06-06 10:05:00,24.482594182880504
2026-06-06 10:10:00,24.22215455070888
2026-06-06 10:15:00,24.14853222918148
2026-06-06 10:20:00,24.234903104913908
2026-06-06 10:25:00,24.349834748607172
2026-06-06 10:30:00,24.213456691340532
2026-06-06 10:35:00,24.632237540925857
2026-06-06 10:40:00,24.82254625409988
2026-06-06 10:45:00,24.14639583349829
2026-06-06 10:50:00,24.64783099023538
2026-06-06 10:55:00,24.59094389738492
2026-06-06 11:00:00,24.774867171383715
2026-06-06 11:05:00,24.682873544102076
2026-06-06 11:10:00,24.263860233820342
2026-06-06 11:15:00,24.333246411350927
2026-06-06 11:20:00,24.73164645520601
2026-06-06 11:25:00,25.041138052093054
2026-06-06 11:30:00,24.076755942121626
2026-06-06 11:35:00,24.85205881949627
2026-06-06 11:40:00,25.111373346815654
2026-06-06 11:45:00,24.713539545234646
2026-06-06 11:50:00,24.928281302762574
2026-06-06 11:55:00,24.554884343430434
2026-06-06 12:00:00,24.731390140216934
2026-06-06 12:05:00,24.28113101220733
2026-06-06 12:10:00,24.06311756142898
2026-06-06 12:15:00,25.047077048464093
2026-06-06 12:20:00,24.465388266912033
2026-06-06 12:25:00,24.619682492054768
2026-06-06 12:30:00,24.334679477453466
2026-06-06 12:35:00,24.320712865244243
2026-06-06 12:40:00,24.683468072502137
2026-06-06 12:45:00,24.507490042767387
2026-06-06 12:50:00,24.829331317198246
2026-06-06 12:55:00,24.84011670022703
2026-06-06 13:00:00,24.787869459620058
2026-06-06 13:05:00,24.749304873243354
2026-06-06 13:10:00,25.13602283835014
2026-06-06 13:15:00,24.3262471930243
2026-06-06 13:20:00,24.612751092103895
2026-06-06 13:25:00,24.950626619362875
2026-06-06 13:30:00,24.97066077407963
2026-06-06 13:35:00,24.144149602995245
2026-06-06 13:40:00,24.455262835094867
2026-06-06 13:45:00,24.933618182591903
2026-06-06 13:50:00,24.654750814505277
2026-06-06 13:55:00,24.535995798712708
2026-06-06 14:00:00,24.386158101430706
2026-06-06 14:05:00,24.30933939897005
2026-06-06 14:10:00,24.48294433345932
2026-06-06 14:15:00,24.291761793261017
2026-06-06 14:20:00,24.324706524409155
2026-06-06 14:25:00,24.330091122503223
2026-06-06 14:30:00,24.071161892180037
2026-06-06 14:35:00,24.401350019896643
2026-06-06 14:40:00,25.08218450232207
2026-06-06 14:45:00,23.64010352689962
2026-06-06 14:50:00,24.234797099282307
2026-06-06 14:55:00,23.87305287856373
2026-06-06 15:00:00,24.23698772622216
2026-06-06 15:05:00,24.039549881454043
2026-06-06 15:10:00,24.215131951251895
2026-06-06 15:15:00,24.29941651070282
2026-06-06 15:20:00,23.963895359546807
2026-06-06 15:25:00,24.204424366984405
2026-06-06 15:30:00,23.119414204385208
2026-06-06 15:35:00,24.25700981028377
2026-06-06 15:40:00,23.848859736445313
2026-06-06 15:45:00,24.015478589272565
2026-06-06 15:50:00,23.281286297414603
2026-06-06 15:55:00,23.35250218091971
2026-06-06 16:00:00,23.59938148824343
2026-06-06 16:05:00,23.50376055549724
2026-06-06 16:10:00,23.546492109490604
2026-06-06 16:15:00,23.739076273826505
2026-06-06 16:20:00,22.8357795597609
2026-06-06 16:25:00,23.608612446162052
2026-06-06 16:30:00,23.26959315390011
2026-06-06 16:35:00,23.15616053737189
2026-06-06 16:40:00,22.72571578799872
2026-06-06 16:45:00,23.267313263770966
2026-06-06 16:50:00,22.341132143451386
2026-06-06 16:55:00,23.2084907384491
2026-06-06 17:00:00,22.514615862114404
2026-06-06 17:05:00,22.92625210460068
2026-06-06 17:10:00,22.82214838364688
2026-06-06 17:15:00,23.156187249228495
2026-06-06 17:20:00,22.698923893463178
2026-06-06 17:25:00,22.491266897131105
2026-06-06 17:30:00,22.494334671758775
2026-06-06 17:35:00,22.974832017756324
2026-06-06 17:40:00,22.70037844762342
2026-06-06 17:45:00,22.370218828618423
2026-06-06 17:50:00,22.361314542423994
2026-06-06 17:55:00,21.90838408541077
2026-06-06 18:00:00,22.44134226025547
2026-06-06 18:05:00,21.743118075104963
2026-06-06 18:10:00,22.442890471337297
2026-06-06 18:15:00,22.202278654672032
2026-06-06 18:20:00,22.826196183003027
2026-06-06 18:25:00,21.726592146752807
2026-06-06 18:30:00,21.972485892137698
2026-06-06 18:35:00,22.489577844802138
2026-06-06 18:40:00,22.2544964479201
2026-06-06 18:45:00,21.635410579485725
2026-06-06 18:50:00,21.858891193666782
2026-06-06 18:55:00,21.73998507610911
2026-06-06 19:00:00,21.771939147461953
2026-06-06 19:05:00,21.426023334127073
2026-06-06 19:10:00,21.557439380429106
2026-06-06 19:15:00,21.053785624159087
2026-06-06 19:20:00,21.523086677246248
2026-06-06 19:25:00,21.5673111063173
2026-06-06 19:30:00,21.314265595294113
2026-06-06 19:35:00,20.848618008177727
2026-06-06 19:40:00,21.580813904503707
2026-06-06 19:45:00,21.34523578585035
2026-06-06 19:50:00,20.970223937602142
2026-06-06 19:55:00,21.056547943650123
2026-06-06 20:00:00,20.643799179165452
2026-06-06 20:05:00,20.740243816265338
2026-06-06 20:10:00,20.841007575225806
2026-06-06 20:15:00,21.326000661135037
2026-06-06 20:20:00,20.721407891856153
2026-06-06 20:25:00,21.061789976889674
2026-06-06 20:30:00,20.665401566619717
2026-06-06 20:35:00,20.859175587795416
2026-06-06 20:40:00,20.70101232514051
2026-06-06 20:45:00,20.964752442277653
2026-06-06 20:50:00,20.502581079495293
2026-06-06 20:55:00,20.1522588855436
2026-06-06 21:00:00,20.171248337624554
2026-06-06 21:05:00,20.388926846667793
2026-06-06 21:10:00,20.137288666771276
2026-06-06 21:15:00,20.59946408600643
2026-06-06 21:20:00,20.301958442745136
2026-06-06 21:25:00,21.120270757275723
2026-06-06 21:30:00,19.85370227073078
2026-06-06 21:35:00,20.404178442944232
2026-06-06 21:40:00,19.973733982225824
2026-06-06 21:45:00,20.134105567128838
2026-06-06 21:50:00,20.295547227469946
2026-06-06 21:55:00,19.52750891085535
2026-06-06 22:00:00,20.26918432557532
2026-06-06 22:05:00,20.743055349413485
2026-06-06 22:10:00,20.011241427543876
2026-06-06 22:15:00,20.201360503209937
2026-06-06 22:20:00,20.408107040345993
2026-06-06 22:25:00,20.029735252193287
2026-06-06 22:30:00,19.88401311216234
2026-06-06 22:35:00,19.356059405676483
2026-06-06 22:40:00,20.21266566385372
2026-06-06 22:45:00,19.969124153343564
2026-06-06 22:50:00,19.683102467712985
2026-06-06 22:55:00,20.009854377118486
2026-06-06 23:00:00,19.782881327235476
2026-06-06 23:05:00,19.78671698613219
2026-06-06 23:10:00,20.115547329032786
2026-06-06 23:15:00,19.52172207559477
2026-06-06 23:20:00,20.228175203291613
2026-06-06 23:25:00,19.486590374895076
2026-06-06 23:30:00,19.7001774240589
2026-06-06 23:35:00,20.470143012664174
2026-06-06 23:40:00,20.22691968326336
2026-06-06 23:45:00,19.914633889652123
2026-06-06 23:50:00,19.601020381394992
2026-06-06 23:55:00,19.72341324029026
2026-06-07 00:00:00,21.904382594375708
2026-06-07 00:05:00,21.895051902002105
2026-06-07 00:10:00,21.85911816715757
2026-06-07 00:15:00,21.880902937678233
2026-06-07 00:20:00,21.830800721859102
2026-06-07 00:25:00,21.468665533752194
2026-06-07 00:30:00,21.753634623917222
2026-06-07 00:35:00,22.19148344002665
2026-06-07 00:40:00,21.51628032820414
2026-06-07 00:45:00,21.880770145530143
2026-06-07 00:50:00,21.703733803568912
2026-06-07 00:55:00,21.996249954286277
2026-06-07 01:00:00,21.860595479957283
2026-06-07 01:05:00,22.43589346352758
2026-06-07 01:10:00,22.161282569386508
2026-06-07 01:15:00,21.633533726529073
2026-06-07 01:20:00,22.247336851519336
2026-06-07 01:25:00,21.833584769914385
2026-06-07 01:30:00,21.914002257308518
2026-06-07 01:35:00,22.20346700823351
2026-06-07 01:40:00,21.985106306489328
2026-06-07 01:45:00,22.424874891065162
2026-06-07 01:50:00,21.950119898600416
2026-06-07 01:55:00,22.02329914495382
2026-06-07 02:00:00,22.039625222474466
2026-06-07 02:05:00,22.095428698811116
2026-06-07 02:10:00,22.624478852132125
2026-06-07 02:15:00,22.51396485732672
2026-06-07 02:20:00,22.86990307548114
2026-06-07 02:25:00,23.069781750501072
2026-06-07 02:30:00,22.113801539692204
2026-06-07 02:35:00,22.478614530465983
2026-06-07 02:40:00,22.14002879720952
2026-06-07 02:45:00,22.295918702978064
2026-06-07 02:50:00,22.37738190489798
2026-06-07 02:55:00,22.287343632609126
2026-06-07 03:00:00,22.327866865164097
2026-06-07 03:05:00,22.639932046988243
2026-06-07 03:10:00,22.358808955444914
2026-06-07 03:15:00,23.01787354999111
2026-06-07 03:20:00,22.532104914558396
2026-06-07 03:25:00,23.69326201056876
2026-06-07 03:30:00,22.758681092188876
2026-06-07 03:35:00,22.960131171666163
2026-06-07 03:40:00,22.59505655378257
2026-06-07 03:45:00,23.54130194488929
2026-06-07 03:50:00,23.411801183373807
2026-06-07 03:55:00,23.212141615819515
2026-06-07 04:00:00,22.76675923536612
2026-06-07 04:05:00,23.2823281410189
2026-06-07 04:10:00,22.931599153107225
2026-06-07 04:15:00,23.756184853494503
2026-06-07 04:20:00,23.61021276520419
2026-06-07 04:25:00,23.44656498689947
2026-06-07 04:30:00,22.737978720113077
2026-06-07 04:35:00,23.225280110693028
2026-06-07 04:40:00,23.77847798116579
2026-06-07 04:45:00,23.98826644425905
2026-06-07 04:50:00,24.009786444686952
2026-06-07 04:55:00,23.252423564250083
2026-06-07 05:00:00,23.87381807928756
2026-06-07 05:05:00,24.141639834129432
2026-06-07 05:10:00,23.393400295480056
2026-06-07 05:15:00,23.94270284034769
2026-06-07 05:20:00,24.081632275325198
2026-06-07 05:25:00,23.963862159071184
2026-06-07 05:30:00,23.553235962829497
2026-06-07 05:35:00,24.066123379847966
2026-06-07 05:40:00,24.12071901405435
2026-06-07 05:45:00,24.229670455560306
2026-06-07 05:50:00,24.16031010395914
2026-06-07 05:55:00,24.251759141441145
2026-06-07 06:00:00,24.428088115295903
2026-06-07 06:05:00,24.62807359407732
2026-06-07 06:10:00,24.459320439556336
2026-06-07 06:15:00,24.48301314456494
2026-06-07 06:20:00,24.688795568345476
2026-06-07 06:25:00,24.139892409361337
2026-06-07 06:30:00,24.914226018718058
2026-06-07 06:35:00,24.8257395363379
2026-06-07 06:40:00,24.892428502146583
2026-06-07 06:45:00,25.223146097318654
2026-06-07 06:50:00,24.40325437583077
2026-06-07 06:55:00,24.450864569857735
2026-06-07 07:00:00,25.17878876635336
2026-06-07 07:05:00,25.147837478538918
2026-06-07 07:10:00,25.254017581718262
2026-06-07 07:15:00,25.116960540706177
2026-06-07 07:20:00,25.507156460586145
2026-06-07 07:25:00,25.63948674860658
2026-06-07 07:30:00,25.556303269098176
2026-06-07 07:35:00,25.383818187125453
2026-06-07 07:40:00,24.88023883806742
2026-06-07 07:45:00,25.793292587958625
2026-06-07 07:50:00,25.97849013295285
2026-06-07 07:55:00,25.854239445893658
2026-06-07 08:00:00,25.445307271789737
2026-06-07 08:05:00,25.959071463501626
2026-06-07 08:10:00,26.062207933255493
2026-06-07 08:15:00,26.318170456888726
2026-06-07 08:20:00,25.633508113609224
2026-06-07 08:25:00,25.87353774554572
2026-06-07 08:30:00,26.210085187864834
2026-06-07 08:35:00,26.046831701891584
2026-06-07 08:40:00,25.737370743600945
2026-06-07 08:45:00,26.239149423258173
2026-06-07 08:50:00,26.329774009183694
2026-06-07 08:55:00,26.22317150835496
2026-06-07 09:00:00,26.302442431120348
2026-06-07 09:05:00,26.19789813464367
2026-06-07 09:10:00,26.75707702274012
2026-06-07 09:15:00,26.080591863583635
2026-06-07 09:20:00,26.210914878968314
2026-06-07 09:25:00,26.425806861790456
2026-06-07 09:30:00,26.72066955903836
2026-06-07 09:35:00,26.04129955964034
2026-06-07 09:40:00,26.129991085792845
2026-06-07 09:45:00,25.94335547843594
2026-06-07 09:50:00,26.595087182108184
2026-06-07 09:55:00,26.279387931520393
2026-06-07 10:00:00,26.528098476455718
2026-06-07 10:05:00,26.86943034623627
2026-06-07 10:10:00,26.505064266710697
2026-06-07 10:15:00,26.79236646065473
2026-06-07 10:20:00,26.657568095266104
2026-06-07 10:25:00,26.972312992327545
2026-06-07 10:30:00,26.935437251482615
2026-06-07 10:35:00,26.60643956435461
2026-06-07 10:40:00,26.783436025944635
2026-06-07 10:45:00,27.166048343053912
2026-06-07 10:50:00,26.9887054379468
2026-06-07 10:55:00,26.46823601863948
2026-06-07 11:00:00,27.09949998407408
2026-06-07 11:05:00,26.591771987802282
2026-06-07 11:10:00,27.354093938788132
2026-06-07 11:15:00,27.249592852960383
2026-06-07 11:20:00,27.040185025306037
2026-06-07 11:25:00,27.01007362920026
2026-06-07 11:30:00,26.9087024766263
2026-06-07 11:35:00,27.182298030975808
2026-06-07 11:40:00,26.873653294390742
2026-06-07 11:45:00,27.060518269288476
2026-06-07 11:50:00,27.255200863910478
2026-06-07 11:55:00,26.827663104642095
2026-06-07 12:00:00,26.81274217800279
2026-06-07 12:05:00,26.639495423482433
2026-06-07 12:10:00,26.677478730116796
2026-06-07 12:15:00,26.44612871466406
2026-06-07 12:20:00,27.210235381934027
2026-06-07 12:25:00,27.52941520818063
2026-06-07 12:30:00,27.408610836475617
2026-06-07 12:35:00,26.48627842958145
2026-06-07 12:40:00,27.18347578399738
2026-06-07 12:45:00,27.383395105985144
2026-06-07 12:50:00,26.80929702357824
2026-06-07 12:55:00,26.96518940372817
2026-06-07 13:00:00,26.319646650481268
2026-06-07 13:05:00,26.988145486357812
2026-06-07 13:10:00,26.57402445804015
2026-06-07 13:15:00,26.936815829111218
2026-06-07 13:20:00,26.391270675308114
2026-06-07 13:25:00,27.00407714055028
2026-06-07 13:30:00,27.129052633906234
2026-06-07 13:35:00,26.566124739284074
2026-06-07 13:40:00,26.4382926931685
2026-06-07 13:45:00,26.109774941066732
2026-06-07 13:50:00,26.652803022723006
2026-06-07 13:55:00,26.53333870898429
2026-06-07 14:00:00,26.216557685756687
2026-06-07 14:05:00,26.790785303576023
2026-06-07 14:10:00,26.491887499972826
2026-06-07 14:15:00,26.275153243162798
2026-06-07 14:20:00,26.401508389030344
2026-06-07 14:25:00,26.858302872347597
2026-06-07 14:30:00,26.685864433854665
2026-06-07 14:35:00,26.433103389282664
2026-06-07 14:40:00,26.62404261333691
2026-06-07 14:45:00,26.05532593178143
2026-06-07 14:50:00,26.37770437224342
2026-06-07 14:55:00,26.375706604295342
2026-06-07 15:00:00,26.15321600041675
2026-06-07 15:05:00,26.38662014024291
2026-06-07 15:10:00,25.98284548264582
2026-06-07 15:15:00,26.33011075008301
2026-06-07 15:20:00,26.302126655675742
2026-06-07 15:25:00,25.22006071625103
2026-06-07 15:30:00,26.410195283574833
2026-06-07 15:35:00,25.095984351303134
2026-06-07 15:40:00,25.78192638321079
2026-06-07 15:45:00,26.230129992826342
2026-06-07 15:50:00,25.782463003291344
2026-06-07 15:55:00,25.39227735066045
2026-06-07 16:00:00,25.45787888148502
2026-06-07 16:05:00,26.047343646194665
2026-06-07 16:10:00,25.115520173923
2026-06-07 16:15:00,25.982819055836124
2026-06-07 16:20:00,25.57921502463907
2026-06-07 16:25:00,25.18914812551411
2026-06-07 16:30:00,25.322574059221925
2026-06-07 16:35:00,25.14252779337876
2026-06-07 16:40:00,25.657317918571724
2026-06-07 16:45:00,25.56652700618676
2026-06-07 16:50:00,24.78001615859788
2026-06-07 16:55:00,25.123294899521685
2026-06-07 17:00:00,24.933691914053036
2026-06-07 17:05:00,25.52866772135325
2026-06-07 17:10:00,24.68326929940735
2026-06-07 17:15:00,25.516994536445832
2026-06-07 17:20:00,24.97293202231225
2026-06-07 17:25:00,24.58132814356078
2026-06-07 17:30:00,24.673533225347352
2026-06-07 17:35:00,24.582881534899375
2026-06-07 17:40:00,24.387503836264504
2026-06-07 17:45:00,24.74475588099447
2026-06-07 17:50:00,24.29427380320578
2026-06-07 17:55:00,23.95482734996495
2026-06-07 18:00:00,24.441297058745562
2026-06-07 18:05:00,23.960605928488256
2026-06-07 18:10:00,24.222103271166418
2026-06-07 18:15:00,24.121361310343644
2026-06-07 18:20:00,24.079145821523124
2026-06-07 18:25:00,24.887321743347144
2026-06-07 18:30:00,24.250607989600745
2026-06-07 18:35:00,24.25410283722382
2026-06-07 18:40:00,23.59456006692999
2026-06-07 18:45:00,23.8784852548686
2026-06-07 18:50:00,24.086691754137203
2026-06-07 18:55:00,23.662426595310663
2026-06-07 19:00:00,24.190171240299104
2026-06-07 19:05:00,23.505218489152213
2026-06-07 19:10:00,23.72872566047978
2026-06-07 19:15:00,23.587785844749448
2026-06-07 19:20:00,23.762245839500416
2026-06-07 19:25:00,23.470557882734123
2026-06-07 19:30:00,23.53162333096601
2026-06-07 19:35:00,23.49269424781977
2026-06-07 19:40:00,23.294338018430864
2026-06-07 19:45:00,23.61180643500164
2026-06-07 19:50:00,23.48994497936365
2026-06-07 19:55:00,23.344543894125593
2026-06-07 20:00:00,23.195262499961416
2026-06-07 20:05:00,23.517230063754692
2026-06-07 20:10:00,23.162000705988692
2026-06-07 20:15:00,23.09586523110321
2026-06-07 20:20:00,23.17506591808883
2026-06-07 20:25:00,23.609101883982316
2026-06-07 20:30:00,22.655189565071847
2026-06-07 20:35:00,23.246148387456465
2026-06-07 20:40:00,22.405879627412233
2026-06-07 20:45:00,22.998417409718424
2026-06-07 20:50:00,23.365949329243485
2026-06-07 20:55:00,23.00101791788453
2026-06-07 21:00:00,22.86742057059557
2026-06-07 21:05:00,22.610755254209696
2026-06-07 21:10:00,22.751720818121257
2026-06-07 21:15:00,22.631181636681546
2026-06-07 21:20:00,22.43629590982315
2026-06-07 21:25:00,22.551326107625336
2026-06-07 21:30:00,22.664930997459848
2026-06-07 21:35:00,22.343323368772115
2026-06-07 21:40:00,22.30063534307212
2026-06-07 21:45:00,22.104452937966
2026-06-07 21:50:00,22.600738893294462
2026-06-07 21:55:00,22.619117301907753
2026-06-07 22:00:00,22.498034623809865
2026-06-07 22:05:00,22.692134258549835
2026-06-07 22:10:00,22.404033208178664
2026-06-07 22:15:00,22.47142142737801
2026-06-07 22:20:00,22.422181760099647
2026-06-07 22:25:00,22.281859296375917
2026-06-07 22:30:00,22.129454620282893
2026-06-07 22:35:00,22.933426111530576
2026-06-07 22:40:00,22.115183154079183
2026-06-07 22:45:00,22.03371136292611
2026-06-07 22:50:00,22.347510570164467
2026-06-07 22:55:00,22.277831688623685
2026-06-07 23:00:00,21.766947969994234
2026-06-07 23:05:00,22.512448301835967
2026-06-07 23:10:00,22.13580160959492
2026-06-07 23:15:00,21.820357470427208
2026-06-07 23:20:00,22.50101585177564
2026-06-07 23:25:00,22.323998895309444
2026-06-07 23:30:00,21.7500252489811
2026-06-07 23:35:00,22.656814006521518
2026-06-07 23:40:00,22.316752465280494
2026-06-07 23:45:00,22.112693857215973
2026-06-07 23:50:00,22.59064508773189
2026-06-07 23:55:00,22.160384267449118
